LOKALNYID,icon_url
2EE13F53-8FC9-10BF-E053-CA2BA8C063B3,./0.png
2EE13F53-8FCA-10BF-E053-CA2BA8C063B3,./0.png
2EE13F53-8FCB-10BF-E053-CA2BA8C063B3,./0.png
2EE13F53-8FCC-10BF-E053-CA2BA8C063B3,./0.png
2EE13F53-8FCD-10BF-E053-CA2BA8C063B3,./0.png
2EE13F53-8FCE-10BF-E053-CA2BA8C063B3,./0.png
2EE13F53-8FCF-10BF-E053-CA2BA8C063B3,./0.png
2EE13F53-8FD0-10BF-E053-CA2BA8C063B3,./0.png
2EE13F53-8FD1-10BF-E053-CA2BA8C063B3,./0.png
2EE13F53-8FD2-10BF-E053-CA2BA8C063B3,./0.png
2EE13F53-8FD3-10BF-E053-CA2BA8C063B3,./0.png
2EE13F53-8FD4-10BF-E053-CA2BA8C063B3,./0.png
2EE13F53-8FD5-10BF-E053-CA2BA8C063B3,./0.png
2EE13F53-8FD6-10BF-E053-CA2BA8C063B3,./0.png
2EE13F53-8FD7-10BF-E053-CA2BA8C063B3,./0.png
2EE13F53-8FD8-10BF-E053-CA2BA8C063B3,./0.png
2EE13F53-8FD9-10BF-E053-CA2BA8C063B3,./0.png
2EE13F53-8FDA-10BF-E053-CA2BA8C063B3,./0.png
2EE13F53-8FDB-10BF-E053-CA2BA8C063B3,./0.png
2EE13F53-8FDC-10BF-E053-CA2BA8C063B3,./0.png
2EE13F53-8FDD-10BF-E053-CA2BA8C063B3,./0.png
